CHROM	POS	REF	ALT	count
chr1	3301721	C	T	3
chr1	3328358	T	C	4
chr1	16271260	G	A	2
chr1	16272250	A	G	4
chr1	25889632	T	C	3
chr1	25890189	A	G	4
chr1	26131654	G	A	4
chr1	26138262	T	C	4
chr1	26140573	C	A	2
chr1	26385003	T	C	2
chr1	47882497	C	T	2
chr1	55518316	C	T	3
chr1	55518467	A	G	3
chr1	55523033	A	G	4
chr1	55524197	A	G	4
chr1	55524237	G	A	4
chr1	55529187	G	A	4
chr1	116243877	G	A	4
chr1	116268178	GAA	G	3
chr1	116268178	GAAA	G	2
chr1	116283343	A	G	3
chr1	156099669	T	G	2
chr1	156105028	T	C	2
chr1	156106185	T	C	2
chr1	201334382	G	A	4
chr1	201341175	CAGAAG	C	3
chr1	227069677	T	C	4
chr1	227069737	C	T	4
chr1	227071525	C	T	4
chr1	228399482	C	G	4
chr1	228399766	T	C	4
chr1	228402047	A	G	4
chr1	228402121	A	G	4
chr1	228444565	T	A	4
chr1	228526578	T	A	1
chr1	228547769	C	T	1
chr1	228547901	C	T	2
chr1	228559994	C	T	3
chr1	228560139	A	G	4
chr1	228560700	T	C	3
chr1	236882303	T	C	4
chr1	236883421	C	T	4
chr1	236902594	C	G	4
chr1	236925844	G	A	2
chr1	237540615	A	C	3
chr1	237586384	T	C	1
chr1	237617757	C	T	3
chr1	237711797	A	G	4
chr1	237801770	T	C	4
chr1	237814783	C	T	3
chr1	237841390	A	G	2
chr1	237863718	T	G	4
chr1	237881770	C	T	4
chr1	237890437	C	T	4
chr1	237957161	A	G	2
chr2	21225281	C	T	4
chr2	21231524	G	A	2
chr2	21232195	G	A	1
chr2	21232803	T	C	4
chr2	21232804	G	A	1
chr2	21233972	T	C	1
chr2	21235475	T	C	4
chr2	21250914	G	A	4
chr2	27730940	T	C	4
chr2	44099433	C	A	2
chr2	44101537	A	AT	1
chr2	44101538	C	T	4
chr2	44104925	T	C	4
chr2	73613031	T	TGGA	1
chr2	73613031	TGGAGGA	T	4
chr2	73651967	C	T	4
chr2	73675227	T	TCTC	2
chr2	73675669	T	G	4
chr2	73675844	C	T	1
chr2	73677548	A	G	1
chr2	73677833	A	G	4
chr2	73677898	G	C	4
chr2	73679280	A	G	4
chr2	73679990	T	A	4
chr2	73680508	G	C	4
chr2	73717567	G	T	4
chr2	73717656	A	G	4
chr2	73746923	C	T	3
chr2	73828538	G	A	2
chr2	73829372	C	T	4
chr2	85769711	C	G	4
chr2	179395067	C	G	1
chr2	179400585	G	GA	1
chr2	179444768	C	G	4
chr2	179563643	T	TA	1
chr2	179563643	TA	T	2
chr2	179585266	C	T	4
chr2	179600563	G	A	4
chr2	179612383	C	T	1
chr2	179614952	A	G	4
chr2	179615887	T	C	3
chr2	179615931	C	G	4
chr2	179615994	T	C	4
chr2	179616770	GA	G	2
chr2	179620951	C	T	4
chr2	179621477	C	T	4
chr2	179623758	C	T	4
chr2	179629363	T	C	4
chr2	179629461	C	T	4
chr2	179642425	G	A	4
chr2	179644035	G	A	4
chr2	179644855	T	C	3
chr2	179650408	G	A	2
chr2	189864080	G	A	2
chr2	189875421	T	G	4
chr2	189904203	A	G	1
chr2	189904233	T	G	1
chr2	189907937	A	G	4
chr2	189932831	T	C	4
chr2	189953508	C	T	2
chr2	189974958	G	T	4
chr2	220283259	A	G	4
chr2	220283277	T	C	4
chr2	220285309	C	T	4
chr2	220285666	G	C	4
chr2	220286142	G	A	4
chr3	9976159	A	G	4
chr3	9985656	C	T	3
chr3	30686414	A	G	3
chr3	30713126	T	A	2
chr3	38622467	T	C	4
chr3	38645420	T	C	4
chr3	38647642	G	T	4
chr3	38674712	T	C	4
chr3	123411589	G	A	3
chr3	123418913	G	A	4
chr3	123440967	G	A	4
chr3	123451773	G	C	4
chr3	123457893	G	A	3
chr4	114067139	G	A	1
chr4	186423637	G	A	3
chr5	231111	T	C	4
chr5	127614472	A	G	4
chr5	127640783	G	A	4
chr5	127685135	C	T	4
chr5	155771579	T	C	3
chr5	172662024	T	C	3
chr6	7563983 T	G	4
chr6	7572262	A	G	4
chr6	7576527	G	A	4
chr6	7584617	C	T	1
chr6	7585967	G	C	4
chr6	70961833	T	C	3
chr6	76576290	C	T	1
chr6	112457390	C	T	4
chr6	112480041	A	G	2
chr6	112493872	A	G	3
chr6	112508769	T	G	4
chr6	112508770	G	T	4
chr6	112512905	G	A	2
chr6	123581789	GA	G	1
chr6	123687288	A	C	4
chr6	123699042	T	C	3
chr6	123833457	G	C	4
chr6	129381026	C	A	4
chr6	129612808	A	G	3
chr6	129691132	C	G	2
chr6	129722389	A	G	3
chr6	129722425	G	A	3
chr6	129807629	C	T	3
chr6	129807699	G	C	3
chr6	133789728	G	A	4
chr7	35293193	A	G	3
chr7	73470714	G	A	2
chr7	73474825	G	C	2
chr7	81588636	G	A	3
chr7	81695842	TA	T	3
chr7	91630620	G	T	3
chr7	91632306	C	T	4
chr7	91641928	A	G	3
chr7	91652178	A	AAAC	3
chr7	91691601	C	T	3
chr7	91707197	C	T	3
chr7	91712698	A	G	3
chr7	91713972	C	T	3
chr7	91714911	C	T	4
chr7	91715662	C	T	3
chr7	91726927	A	C	3
chr7	92085879	C	T	1
chr7	128470838	C	T	2
chr7	128477472	T	C	2
chr7	128477547	T	C	2
chr7	128484816	A	G	3
chr7	128486363	C	T	3
chr7	128487866	T	C	4
chr7	128488734	G	A	2
chr7	140426257	A	G	3
chr7	140434574	C	CA	1
chr7	150645534	T	G	1
chr7	150648198	A	G	4
chr7	150648789	T	C	4
chr7	151292395	A	AT	4
chr7	154429560	C	T	4
chr7	154461112	A	G	4
chr7	154672646	T	C	3
chr7	154672662	C	T	2
chr7	154679447	G	A	4
chr7	154684153	T	C	3
chrX	31213723	C	T	4
chrX	31496350	C	T	4
chrX	32503194	T	C	4
chrX	135292022	C	T	3
chrX	152770230	G	A	3
chr8	19809435	G	A	1
chr8	103662353	C	T	2
chr8	103663390	C	T	2
chr9	71650752	A	G	4
chr9	108366734	G	A	3
chr9	108380355	C	A	3
chr9	137534098	CGCT	C	1
chr9	137630587	T	C	4
chr9	137688741	C	T	1
chr9	137707834	G	A	3
chr9	137708934	T	G	2
chr9	137711997	G	C	3
chr9	139391636	G	A	3
chr9	139397707	G	A	2
chr9	139405261	C	T	4
chr9	139407932	A	G	4
chr9	139410177	T	C	4
chr9	139410424	A	G	4
chr9	139411714	T	C	4
chr9	139412197	G	A	4
chr9	139418260	A	G	4
chr10	18828663	G	T	4
chr10	21108377	C	T	1
chr10	21120116	A	G	4
chr10	21134303	A	C	1
chr10	21141469	T	C	4
chr10	21177143	G	GA	1
chr10	21461410	G	GA	2
chr10	69926097	T	C	4
chr10	69926334	C	G	4
chr10	69933921	G	A	4
chr10	69933969	G	A	4
chr10	69934258	C	G	3
chr10	69948822	G	A	1
chr10	69948844	T	C	4
chr10	69959242	C	A	3
chr10	72195439	T	C	3
chr10	75865065	G	A	2
chr10	75871735	C	G	4
chr10	101473218	A	G	4
chr10	112572458	G	C	4
chr10	112590810	G	C	4
chr10	112595719	G	C	4
chr10	121429633	T	C	1
chr10	121436068	T	G	2
chr10	121436286	C	T	2
chr10	121436362	A	G	4
chr11	534242	A	G	10
chr11	6630028	TC	T	4
chr11	6631016	C	T	2
chr11	47353498	G	A	2
chr11	47354068	G	A	2
chr11	47354787	C	T	3
chr11	47356870	A	T	3
chr11	47362465	G	C	2
chr11	47364762	A	G	4
chr11	47365014	C	T	2
chr11	47369443	G	A	2
chr11	47370041	T	C	2
chr11	65636053	T	C	4
chr11	111781047	A	C	2
chr11	116661826	T	C	4
chr11	116662579	C	T	4
chr11	116692334	C	T	4
chr11	116693464	C	T	4
chr11	123513161	G	A	1
chr11	128781339	T	C	4
chr11	128781978	T	G	4
chr11	128782002	T	C	4
chr11	128782012	C	G	4
chr11	128786294	G	A	4
chr12	2558186	G	A	3
chr12	2760898	C	T	1
chr12	2788879	G	A	3
chr12	2791130	C	T	3
chr12	2791132	A	G	4
chr12	2791205	A	G	4
chr12	5154462	T	C	4
chr12	8808006	T	C	4
chr12	25362777	A	G	2
chr12	25368462	C	T	6
chr12	33021934	A	G	2
chr12	98940228	A	AT	2
chr12	115112507	C	G	1
chr13	23824818	G	A	2
chr13	23898664	A	G	4
chr14	23855569	A	G	4
chr14	23859610	C	T	1
chr14	23861811	A	G	4
chr14	23884889	C	T	3
chr14	23902753	G	A	3
chr14	74991855	A	G	4
chr14	74992800	A	G	4
chr15	48807637	C	T	4
chr15	63351840	C	A	4
chr15	66745890	G	A	4
chr15	67457335	A	G	4
chr15	73614834	T	C	4
chr15	73660505	C	T	1
chr15	85401259	C	T	4
chr15	85401419	T	C	4
chr15	85405995	T	C	1
chr16	921187	C	T	1
chr16	15811023	C	T	3
chr16	15811062	C	T	3
chr16	15818141	A	C	3
chr16	15931819	G	A	1
chr16	57016092	G	A	2
chr17	37822311	A	C	3
chr17	39912145	T	A	2
chr17	39925713	C	T	1
chr17	39925925	A	G	4
chr17	66519857	C	CT	2
chr17	78078709	T	C	3
chr17	78078832	G	A	1
chr17	78079544	C	G	2
chr17	78079597	A	G	2
chr17	78079643	C	T	1
chr17	78079669	G	A	2
chr17	78081526	A	AGCAGCGG	2
chr17	78082504	G	A	2
chr17	78087109	A	G	1
chr17	78091405	G	A	3
chr17	78092063	G	A	2
chr18	3067278	A	G	4
chr18	3075746	G	A	2
chr18	3126811	A	G	2
chr18	3168816	G	A	2
chr18	3173964	G	A	4
chr18	3176040	C	G	4
chr18	3176063	C	T	3
chr18	3215156	C	G	2
chr18	3215158	C	G	2
chr18	3215230	C	T	4
chr18	29100916	C	T	1
chr18	29101215	CT	C	3
chr18	29104714	A	G	1
chr18	32470291	G	A	4
chr20	10620275	G	A	2
chr20	10620386	A	G	4
chr20	10633237	G	A	3
chr20	39813729	G	A	1
chr20	39832628	T	C	1
chr20	42815190	G	A	4
chr20	50407162	T	C	2
chr20	50407502	A	C	2
chr20	50408482	A	G	4
chr19	4101062	G	T	2
chr19	4102449	G	A	1
chr19	4154910	C	T	2
chr19	11221454	T	C	4
chr19	11221457	G	C	2
chr19	11224265	A	G	4
chr19	11227554	C	T	2
chr19	11227602	C	T	2
chr19	11230881	T	C	2
chr19	11233941	A	G	4
chr19	16591464	G	A	4
chr19	16601194	C	T	4
chr19	35524824	T	C	4
chr19	38935280	A	G	3
chr19	38939408	T	C	4
chr19	38946182	G	A	3
chr19	38949904	C	T	3
chr19	38956803	G	A	3
chr19	45409167	C	G	4
chr19	45412079	C	T	1
chr19	47258842	C	T	1
chr19	55665584	A	C	4
chr22	19868218	A	G	4
chr22	19882984	T	G	3
chr22	19906511	G	A	3
chr22	19907118	G	A	3
chr22	42276742	G	C	4
chr22	42289195	C	T	1
chr22	50962208	T	G	4
chr22	50962782	C	G	4
chr21	35821821	T	C	3
chr21	44480616	G	A	1
chr21	44485350	G	A	4
chr21	44487891	G	A	4
